so.otsuka.xc@renesas.com	"OTSUKA SO"	"OTSUKA SO"
fujimaki.toshihide@rene-easton.com	"fujimaki toshihide"	"藤巻利英"
yasuhiko.hoshi.ct@renesas.com	"hoshi yasuhiko"	"星恭彦@REL"
taichi.ohashi.yw@renesas.com	"ohashi taichi"	"大橋太一@REL"
masahiko.suzuki.fv@renesas.com	"Suzuki Masahiko"	"鈴木政彦@REL"
shinya.kobayashi.zy@renesas.com	"Kobayashi Shinya"	"小林晋也@REL"
fushimi.atsushi@rene-easton.com	"Fushimi Atsushi"	"伏見敦"
hirao.shinya@rene-easton.com	"Hirao Shinya"	"平尾眞也"
nagone.daisuke@rene-easton.com	"Nagone Daisuke"	"名郷根大助"
okawa.yukio@hk.rene-easton.com	"Okawa Yukio"	"大川幸男"
okazaki.yohei@hk.rene-easton.com	"Okazaki Yohei"	"岡崎洋平"
otsuka.chikara@rene-easton.com	"Otsuka Chikara"	"大塚力"
kohara.kazuya@rene-easton.com	"Kohara Kazuya"	"小原一也"
iwami.genta@rene-easton.com	"Iwami Genta"	"石見元太"
koga.erina@rene-easton.com	"Koga Erina"	"古賀栄里奈"
mitsuyoshi.inoue.rh@renesas.com	"Mitsuyoshi Inoue"	"井上光義@REL"
taketo.hashimoto.ra@hitachi-solutions.com	"橋本武人"	""
naoyuki.mizuno.uw@hitachi-solutions.com	"Mizuno Naoyuki"	"水野直之@HiSOL"
naoki.furudate.ra@hitachi-solutions.com	"Furudate Naoki"	"古舘直樹@HiSOL"
yoshinori.yamada.vh@hitachi-solutions.com	"Yamada Yoshinori"	"山田吉則@HiSOL"
kudo@adac.co.jp	"Kudo"	"工藤@ADaC"
kimura.tomoka@rene-easton.com	"kimura tomoka"	"木村智佳"
